,praf,pmek,plcg,PIP2,PIP3,p44/42,pakts473,PKA,PKC,P38,pjnk
mean,124.23789664429529,145.68646845637582,54.93306040268456,151.28412483221476,27.053649664429532,26.642469798657718,81.27129932885907,625.7799489932886,30.397738255033556,135.02208724832215,73.41921879194632
std,247.7620821032076,377.40321641412135,174.03752937509512,299.6330831587254,43.09094044060222,45.86595938617489,137.89101980384962,644.874578694446,92.9605644865406,495.05370504049813,215.8671900550922
min,1.0,1.0,1.0,1.0,1.0,1.0,1.0,1.0,1.0,1.0,1.0
25%,30.8,16.7,9.39,18.3,9.56,8.51,23.3,276.0,4.53,19.3,8.06
50%,53.8,26.7,16.5,53.3,17.8,17.2,37.2,449.0,12.9,30.5,18.4
75%,103.0,64.4,27.1,172.0,32.8,32.2,72.3,750.0,23.5,49.6,52.8
