,praf,pmek,plcg,PIP2,PIP3,p44/42,pakts473,PKA,PKC,P38,pjnk
mean,102.22510528564453,114.8958969116211,33.42646789550781,118.67118835449219,24.9035701751709,24.35861587524414,59.51567840576172,657.3278198242188,18.861446380615234,71.55631256103516,50.380733489990234
std,21.149761199951172,33.09766387939453,8.942585945129395,18.99725914001465,2.7889208793640137,2.30584454536438,7.730552673339844,46.6877555847168,4.663389205932617,23.248390197753906,11.68460750579834
min,67.24137878417969,59.165679931640625,16.700653076171875,84.57429504394531,18.83749008178711,19.591493606567383,46.66594696044922,553.7769775390625,11.968894004821777,33.92139434814453,31.801443099975586
25%,86.24601745605469,87.87004852294922,27.14700984954834,107.08548355102539,22.662431716918945,23.101337432861328,53.89088439941406,625.2385559082031,15.310948848724365,53.91180229187012,41.93352222442627
50%,99.1648063659668,109.70590591430664,31.58534812927246,118.24499130249023,25.316065788269043,24.57783031463623,59.69365119934082,649.2152709960938,18.595778465270996,68.1611213684082,47.087730407714844
75%,113.46934700012207,136.78773880004883,40.25872802734375,130.45426559448242,26.656312942504883,25.545379638671875,63.36866092681885,688.6075592041016,21.455252647399902,85.07689094543457,56.29944610595703
